{"cameraMode":{"drawMode":0,"name":"Shaded","section":"Shading Mode"},"sceneLighting":false,"audioPlay":false,"sceneViewState":{"showFog":true,"showMaterialUpdate":true,"showSkybox":false,"showFlares":true,"showImageEffects":true,"showParticleSystems":true},"in2DMode":false,"pivot":{"x":-0.3512365520000458,"y":0.011296272277832032,"z":0.01599547266960144},"rotation":{"x":-0.33132967352867129,"y":0.37301188707351687,"z":-0.14463315904140473,"w":-0.8545017838478088},"size":1.1166142225265504,"orthographic":true}