{"cameraMode":{"drawMode":0,"name":"Shaded","section":"Shading Mode"},"sceneLighting":false,"audioPlay":false,"sceneViewState":{"showFog":true,"showMaterialUpdate":true,"showSkybox":false,"showFlares":true,"showImageEffects":true,"showParticleSystems":true},"in2DMode":false,"pivot":{"x":0.002810213714838028,"y":0.01965986378490925,"z":-0.0000017748679965734482},"rotation":{"x":0.08245328068733216,"y":-0.4291093945503235,"z":0.03937605768442154,"w":0.8986271023750305},"size":0.11329319328069687,"orthographic":true}