{"cameraMode":{"drawMode":0,"name":"Shaded","section":"Shading Mode"},"sceneLighting":false,"audioPlay":false,"sceneViewState":{"showFog":true,"showMaterialUpdate":true,"showSkybox":false,"showFlares":true,"showImageEffects":true,"showParticleSystems":true},"in2DMode":false,"pivot":{"x":-0.00254058837890625,"y":0.014068603515625,"z":-0.00726318359375},"rotation":{"x":-0.013498746789991856,"y":-0.010202890262007714,"z":0.00013659051910508424,"w":-0.9998621940612793},"size":0.058757562190294269,"orthographic":true}