{"cameraMode":{"drawMode":0,"name":"Shaded","section":"Shading Mode"},"sceneLighting":false,"audioPlay":false,"sceneViewState":{"showFog":true,"showMaterialUpdate":true,"showSkybox":false,"showFlares":true,"showImageEffects":true,"showParticleSystems":true},"in2DMode":false,"pivot":{"x":-0.03265380859375,"y":0.017608642578125,"z":0.00885009765625},"rotation":{"x":0.12212333083152771,"y":0.2140953093767166,"z":-0.02698884718120098,"w":0.9687747955322266},"size":0.12437018752098084,"orthographic":true}