{"cameraMode":{"drawMode":0,"name":"Shaded","section":"Shading Mode"},"sceneLighting":true,"audioPlay":false,"sceneViewState":{"showFog":true,"showMaterialUpdate":true,"showSkybox":true,"showFlares":true,"showImageEffects":true,"showParticleSystems":true},"in2DMode":false,"pivot":{"x":-0.37124553322792055,"y":-0.0037794113159179689,"z":0.004104554653167725},"rotation":{"x":0.421233206987381,"y":0.026387637481093408,"z":-0.012262232601642609,"w":0.9064890146255493},"size":1.4229673147201539,"orthographic":true}